--
-- PostgreSQL database dump
--

-- Dumped from database version 17.0 (Debian 17.0-1.pgdg120+1)
-- Dumped by pg_dump version 17.0 (Debian 17.0-1.pgdg120+1)

SET statement_timeout = 0;
SET lock_timeout = 0;
SET idle_in_transaction_session_timeout = 0;
SET transaction_timeout = 0;
SET client_encoding = 'UTF8';
SET standard_conforming_strings = on;
SELECT pg_catalog.set_config('search_path', '', false);
SET check_function_bodies = false;
SET xmloption = content;
SET client_min_messages = warning;
SET row_security = off;

--
-- Name: MoneyGroup; Type: DATABASE; Schema: -; Owner: postgres
--

CREATE DATABASE "MoneyGroup" WITH TEMPLATE = template0 ENCODING = 'UTF8' LOCALE_PROVIDER = libc LOCALE = 'en_US.utf8';


ALTER DATABASE "MoneyGroup" OWNER TO postgres;

\connect "MoneyGroup"

SET statement_timeout = 0;
SET lock_timeout = 0;
SET idle_in_transaction_session_timeout = 0;
SET transaction_timeout = 0;
SET client_encoding = 'UTF8';
SET standard_conforming_strings = on;
SELECT pg_catalog.set_config('search_path', '', false);
SET check_function_bodies = false;
SET xmloption = content;
SET client_min_messages = warning;
SET row_security = off;

SET default_tablespace = '';

SET default_table_access_method = heap;

--
-- Name: OrderConsumers; Type: TABLE; Schema: public; Owner: postgres
--

CREATE TABLE public."OrderConsumers" (
    "ConsumerId" integer NOT NULL,
    "OrderId" integer NOT NULL
);


ALTER TABLE public."OrderConsumers" OWNER TO postgres;

--
-- Name: Orders; Type: TABLE; Schema: public; Owner: postgres
--

CREATE TABLE public."Orders" (
    "Id" integer NOT NULL,
    "Title" text NOT NULL,
    "Description" text,
    "Total" numeric NOT NULL,
    "IssuerId" integer NOT NULL
);


ALTER TABLE public."Orders" OWNER TO postgres;

--
-- Name: Orders_Id_seq; Type: SEQUENCE; Schema: public; Owner: postgres
--

ALTER TABLE public."Orders" ALTER COLUMN "Id" ADD GENERATED BY DEFAULT AS IDENTITY (
    SEQUENCE NAME public."Orders_Id_seq"
    START WITH 1
    INCREMENT BY 1
    NO MINVALUE
    NO MAXVALUE
    CACHE 1
);


--
-- Name: Users; Type: TABLE; Schema: public; Owner: postgres
--

CREATE TABLE public."Users" (
    "Id" integer NOT NULL,
    "Name" text NOT NULL
);


ALTER TABLE public."Users" OWNER TO postgres;

--
-- Name: Users_Id_seq; Type: SEQUENCE; Schema: public; Owner: postgres
--

ALTER TABLE public."Users" ALTER COLUMN "Id" ADD GENERATED BY DEFAULT AS IDENTITY (
    SEQUENCE NAME public."Users_Id_seq"
    START WITH 1
    INCREMENT BY 1
    NO MINVALUE
    NO MAXVALUE
    CACHE 1
);


--
-- Name: __EFMigrationsHistory; Type: TABLE; Schema: public; Owner: postgres
--

CREATE TABLE public."__EFMigrationsHistory" (
    "MigrationId" character varying(150) NOT NULL,
    "ProductVersion" character varying(32) NOT NULL
);


ALTER TABLE public."__EFMigrationsHistory" OWNER TO postgres;

--
-- Data for Name: OrderConsumers; Type: TABLE DATA; Schema: public; Owner: postgres
--

COPY public."OrderConsumers" ("ConsumerId", "OrderId") FROM stdin;
1	1
2	1
1	2
2	2
1	3
2	3
\.


--
-- Data for Name: Orders; Type: TABLE DATA; Schema: public; Owner: postgres
--

COPY public."Orders" ("Id", "Title", "Description", "Total", "IssuerId") FROM stdin;
1	Order 1	Order 1 description	10000	1
2	Update order	Update order description	10000	1
3	Delete order	Delete order description	10000	1
\.


--
-- Data for Name: Users; Type: TABLE DATA; Schema: public; Owner: postgres
--

COPY public."Users" ("Id", "Name") FROM stdin;
1	Truong
2	Duc
3	Manh
\.


--
-- Data for Name: __EFMigrationsHistory; Type: TABLE DATA; Schema: public; Owner: postgres
--

COPY public."__EFMigrationsHistory" ("MigrationId", "ProductVersion") FROM stdin;
20240926144934_AddOrder	8.0.8
\.


--
-- Name: Orders_Id_seq; Type: SEQUENCE SET; Schema: public; Owner: postgres
--

SELECT pg_catalog.setval('public."Orders_Id_seq"', 3, true);


--
-- Name: Users_Id_seq; Type: SEQUENCE SET; Schema: public; Owner: postgres
--

SELECT pg_catalog.setval('public."Users_Id_seq"', 1, false);


--
-- Name: OrderConsumers PK_OrderConsumers; Type: CONSTRAINT; Schema: public; Owner: postgres
--

ALTER TABLE ONLY public."OrderConsumers"
    ADD CONSTRAINT "PK_OrderConsumers" PRIMARY KEY ("OrderId", "ConsumerId");


--
-- Name: Orders PK_Orders; Type: CONSTRAINT; Schema: public; Owner: postgres
--

ALTER TABLE ONLY public."Orders"
    ADD CONSTRAINT "PK_Orders" PRIMARY KEY ("Id");


--
-- Name: Users PK_Users; Type: CONSTRAINT; Schema: public; Owner: postgres
--

ALTER TABLE ONLY public."Users"
    ADD CONSTRAINT "PK_Users" PRIMARY KEY ("Id");


--
-- Name: __EFMigrationsHistory PK___EFMigrationsHistory; Type: CONSTRAINT; Schema: public; Owner: postgres
--

ALTER TABLE ONLY public."__EFMigrationsHistory"
    ADD CONSTRAINT "PK___EFMigrationsHistory" PRIMARY KEY ("MigrationId");


--
-- Name: IX_OrderConsumers_ConsumerId; Type: INDEX; Schema: public; Owner: postgres
--

CREATE INDEX "IX_OrderConsumers_ConsumerId" ON public."OrderConsumers" USING btree ("ConsumerId");


--
-- Name: IX_Orders_IssuerId; Type: INDEX; Schema: public; Owner: postgres
--

CREATE INDEX "IX_Orders_IssuerId" ON public."Orders" USING btree ("IssuerId");


--
-- Name: OrderConsumers FK_OrderConsumers_Orders_OrderId; Type: FK CONSTRAINT; Schema: public; Owner: postgres
--

ALTER TABLE ONLY public."OrderConsumers"
    ADD CONSTRAINT "FK_OrderConsumers_Orders_OrderId" FOREIGN KEY ("OrderId") REFERENCES public."Orders"("Id") ON DELETE CASCADE;


--
-- Name: OrderConsumers FK_OrderConsumers_Users_ConsumerId; Type: FK CONSTRAINT; Schema: public; Owner: postgres
--

ALTER TABLE ONLY public."OrderConsumers"
    ADD CONSTRAINT "FK_OrderConsumers_Users_ConsumerId" FOREIGN KEY ("ConsumerId") REFERENCES public."Users"("Id") ON DELETE CASCADE;


--
-- Name: Orders FK_Orders_Users_IssuerId; Type: FK CONSTRAINT; Schema: public; Owner: postgres
--

ALTER TABLE ONLY public."Orders"
    ADD CONSTRAINT "FK_Orders_Users_IssuerId" FOREIGN KEY ("IssuerId") REFERENCES public."Users"("Id") ON DELETE CASCADE;


--
-- PostgreSQL database dump complete
--

