--
-- PostgreSQL database dump
--

-- Dumped from database version 17.3 (Debian 17.3-3.pgdg120+1)
-- Dumped by pg_dump version 17.4

SET statement_timeout = 0;
SET lock_timeout = 0;
SET idle_in_transaction_session_timeout = 0;
SET transaction_timeout = 0;
SET client_encoding = 'UTF8';
SET standard_conforming_strings = on;
SELECT pg_catalog.set_config('search_path', '', false);
SET check_function_bodies = false;
SET xmloption = content;
SET client_min_messages = warning;
SET row_security = off;

--
-- Name: MoneyGroup; Type: DATABASE; Schema: -; Owner: postgres
--

CREATE DATABASE "MoneyGroup" WITH TEMPLATE = template0 ENCODING = 'UTF8' LOCALE_PROVIDER = libc LOCALE = 'en_US.utf8';


ALTER DATABASE "MoneyGroup" OWNER TO postgres;

\connect "MoneyGroup"

SET statement_timeout = 0;
SET lock_timeout = 0;
SET idle_in_transaction_session_timeout = 0;
SET transaction_timeout = 0;
SET client_encoding = 'UTF8';
SET standard_conforming_strings = on;
SELECT pg_catalog.set_config('search_path', '', false);
SET check_function_bodies = false;
SET xmloption = content;
SET client_min_messages = warning;
SET row_security = off;

SET default_tablespace = '';

SET default_table_access_method = heap;

--
-- Name: OrderParticipants; Type: TABLE; Schema: public; Owner: postgres
--

CREATE TABLE public."OrderParticipants" (
    "ParticipantId" integer NOT NULL,
    "OrderId" integer NOT NULL
);


ALTER TABLE public."OrderParticipants" OWNER TO postgres;

--
-- Name: Orders; Type: TABLE; Schema: public; Owner: postgres
--

CREATE TABLE public."Orders" (
    "Id" integer NOT NULL,
    "Title" text NOT NULL,
    "Description" text,
    "Total" numeric NOT NULL,
    "BuyerId" integer NOT NULL
);


ALTER TABLE public."Orders" OWNER TO postgres;

--
-- Name: Orders_Id_seq; Type: SEQUENCE; Schema: public; Owner: postgres
--

ALTER TABLE public."Orders" ALTER COLUMN "Id" ADD GENERATED BY DEFAULT AS IDENTITY (
    SEQUENCE NAME public."Orders_Id_seq"
    START WITH 1
    INCREMENT BY 1
    NO MINVALUE
    NO MAXVALUE
    CACHE 1
);


--
-- Name: Users; Type: TABLE; Schema: public; Owner: postgres
--

CREATE TABLE public."Users" (
    "Id" integer NOT NULL,
    "Name" text NOT NULL
);


ALTER TABLE public."Users" OWNER TO postgres;

--
-- Name: Users_Id_seq; Type: SEQUENCE; Schema: public; Owner: postgres
--

ALTER TABLE public."Users" ALTER COLUMN "Id" ADD GENERATED BY DEFAULT AS IDENTITY (
    SEQUENCE NAME public."Users_Id_seq"
    START WITH 1
    INCREMENT BY 1
    NO MINVALUE
    NO MAXVALUE
    CACHE 1
);


--
-- Name: __EFMigrationsHistory; Type: TABLE; Schema: public; Owner: postgres
--

CREATE TABLE public."__EFMigrationsHistory" (
    "MigrationId" character varying(150) NOT NULL,
    "ProductVersion" character varying(32) NOT NULL
);


ALTER TABLE public."__EFMigrationsHistory" OWNER TO postgres;

--
-- Data for Name: OrderParticipants; Type: TABLE DATA; Schema: public; Owner: postgres
--

COPY public."OrderParticipants" ("ParticipantId", "OrderId") FROM stdin;
1	1
2	1
1	2
2	2
1	3
2	3
\.


--
-- Data for Name: Orders; Type: TABLE DATA; Schema: public; Owner: postgres
--

COPY public."Orders" ("Id", "Title", "Description", "Total", "BuyerId") FROM stdin;
1	Order 1	Order 1 description	10000	1
2	Update order	Update order description	10000	1
3	Delete order	Delete order description	10000	1
\.


--
-- Data for Name: Users; Type: TABLE DATA; Schema: public; Owner: postgres
--

COPY public."Users" ("Id", "Name") FROM stdin;
1	Truong
2	Duc
3	Manh
\.


--
-- Data for Name: __EFMigrationsHistory; Type: TABLE DATA; Schema: public; Owner: postgres
--

COPY public."__EFMigrationsHistory" ("MigrationId", "ProductVersion") FROM stdin;
20250303190633_AddOrderAggregate	9.0.2
\.


--
-- Name: Orders_Id_seq; Type: SEQUENCE SET; Schema: public; Owner: postgres
--

SELECT pg_catalog.setval('public."Orders_Id_seq"', 3, true);


--
-- Name: Users_Id_seq; Type: SEQUENCE SET; Schema: public; Owner: postgres
--

SELECT pg_catalog.setval('public."Users_Id_seq"', 1, false);


--
-- Name: OrderParticipants PK_OrderParticipants; Type: CONSTRAINT; Schema: public; Owner: postgres
--

ALTER TABLE ONLY public."OrderParticipants"
    ADD CONSTRAINT "PK_OrderParticipants" PRIMARY KEY ("OrderId", "ParticipantId");


--
-- Name: Orders PK_Orders; Type: CONSTRAINT; Schema: public; Owner: postgres
--

ALTER TABLE ONLY public."Orders"
    ADD CONSTRAINT "PK_Orders" PRIMARY KEY ("Id");


--
-- Name: Users PK_Users; Type: CONSTRAINT; Schema: public; Owner: postgres
--

ALTER TABLE ONLY public."Users"
    ADD CONSTRAINT "PK_Users" PRIMARY KEY ("Id");


--
-- Name: __EFMigrationsHistory PK___EFMigrationsHistory; Type: CONSTRAINT; Schema: public; Owner: postgres
--

ALTER TABLE ONLY public."__EFMigrationsHistory"
    ADD CONSTRAINT "PK___EFMigrationsHistory" PRIMARY KEY ("MigrationId");


--
-- Name: IX_OrderParticipants_ParticipantId; Type: INDEX; Schema: public; Owner: postgres
--

CREATE INDEX "IX_OrderParticipants_ParticipantId" ON public."OrderParticipants" USING btree ("ParticipantId");


--
-- Name: IX_Orders_BuyerId; Type: INDEX; Schema: public; Owner: postgres
--

CREATE INDEX "IX_Orders_BuyerId" ON public."Orders" USING btree ("BuyerId");


--
-- Name: OrderParticipants FK_OrderParticipants_Orders_OrderId; Type: FK CONSTRAINT; Schema: public; Owner: postgres
--

ALTER TABLE ONLY public."OrderParticipants"
    ADD CONSTRAINT "FK_OrderParticipants_Orders_OrderId" FOREIGN KEY ("OrderId") REFERENCES public."Orders"("Id") ON DELETE CASCADE;


--
-- Name: OrderParticipants FK_OrderParticipants_Users_ParticipantId; Type: FK CONSTRAINT; Schema: public; Owner: postgres
--

ALTER TABLE ONLY public."OrderParticipants"
    ADD CONSTRAINT "FK_OrderParticipants_Users_ParticipantId" FOREIGN KEY ("ParticipantId") REFERENCES public."Users"("Id") ON DELETE RESTRICT;


--
-- Name: Orders FK_Orders_Users_BuyerId; Type: FK CONSTRAINT; Schema: public; Owner: postgres
--

ALTER TABLE ONLY public."Orders"
    ADD CONSTRAINT "FK_Orders_Users_BuyerId" FOREIGN KEY ("BuyerId") REFERENCES public."Users"("Id") ON DELETE RESTRICT;


--
-- PostgreSQL database dump complete
--

